,1-round,2-round,3-round,4-round,5-round,6-round,7-round,8-round,9-round,10-round,11-round,12-round,13-round,14-round,15-round,16-round,17-round,18-round,19-round,20-round
0,0.6646061128096441,0.6611191091907231,0.6999431252598776,0.7228165896714671,0.6895317711701662,0.7179667291747851,0.714914839301193,0.7426766660662171,0.729791485497514,0.7157318823518298,0.7307374304870705,0.7468251513947323,0.7244078932216822,0.697621175003367,0.7316593657651139,0.7231693880457118,0.6774912118549563,0.7162010575855977,0.721802174893319,0.7341707944617599
