,1-round,2-round,3-round,4-round,5-round,6-round,7-round,8-round,9-round,10-round,11-round,12-round,13-round,14-round,15-round,16-round,17-round,18-round,19-round,20-round
0,0.7936537797474924,0.6191265603352529,0.7459553606748558,0.8190361539660277,0.7685567357552675,0.7444067157140163,0.7796532094326849,0.7901573944210691,0.8003836478310532,0.8391744061320713,0.9029897148200094,0.7319347601310986,0.7925558569711939,0.7815215960740758,0.8365557833159516,0.6980982266037173,0.7314616581880317,0.7444655079998699,0.7388378699771974,0.7961566032533774
