,1-round,2-round,3-round,4-round,5-round,6-round,7-round,8-round,9-round,10-round,11-round,12-round,13-round,14-round,15-round,16-round,17-round,18-round,19-round,20-round
0,0.4922934106230777,0.47724442589049304,0.5172330490521218,0.5040801093560912,0.4414099940429005,0.47103301123042546,0.48403386921452307,0.5071725802084862,0.5430742928157939,0.5233296218400396,0.49908558113538365,0.5275826141986857,0.5274161115577461,0.512834368391727,0.49564293918331537,0.5234466027653479,0.4997280062795443,0.5906948295456649,0.5001042478667517,0.45138949599381456
